engine,scenario,scale_rows,run_idx,time_ms,output_rows,output_bytes,physical_size,file_count
splayed,PW1,1000000,0,584.00,1000000,156000000,58814441,76
splayed,PR1,1000000,0,4.43,1000000,156000000,58814441,76
splayed,PR1,1000000,1,3.78,1000000,156000000,58814441,76
splayed,PR1,1000000,2,3.68,1000000,156000000,58814441,76
splayed,PR2,1000000,0,1.63,250000,39000000,58814441,76
splayed,PR2,1000000,1,1.61,250000,39000000,58814441,76
splayed,PR2,1000000,2,1.60,250000,39000000,58814441,76
splayed,PR3,1000000,0,2.32,500000,78000000,58814441,76
splayed,PR3,1000000,1,2.31,500000,78000000,58814441,76
splayed,PR3,1000000,2,2.30,500000,78000000,58814441,76
splayed,PR4,1000000,0,0.46,250,39000,58814441,76
splayed,PR4,1000000,1,0.44,250,39000,58814441,76
splayed,PR4,1000000,2,0.44,250,39000,58814441,76
splayed,PR5,1000000,0,0.43,4,0,58814441,76
splayed,PR5,1000000,1,0.43,4,0,58814441,76
splayed,PR5,1000000,2,0.43,4,0,58814441,76
duckdb,PW1,1000000,0,2566.745600081049,1000000,156000000,60825021,4
duckdb,PR1,1000000,0,16.4269000524655,1000000,156000000,60825021,4
duckdb,PR2,1000000,0,12.241600081324577,250000,39000000,60825021,4
duckdb,PR3,1000000,0,15.395499998703599,500000,78000000,60825021,4
duckdb,PR4,1000000,0,13.907600077800453,250,9000,60825021,4
duckdb,PR5,1000000,0,3.91890003811568,4,0,60825021,4
polars,PW1,1000000,0,1921.2249999400228,1000000,156000000,60549568,4
polars,PR1,1000000,0,14.223700040020049,1000000,156000000,60549568,4
polars,PR2,1000000,0,12.449100031517446,250000,39000000,60549568,4
polars,PR3,1000000,0,16.040499904192984,500000,78000000,60549568,4
polars,PR4,1000000,0,3.968499950133264,250,9000,60549568,4
polars,PR5,1000000,0,11.748099932447076,4,0,60549568,4
splayed,PW1,5000000,0,2591.19,5000000,780000000,294200577,76
splayed,PR1,5000000,0,16.46,5000000,780000000,294200577,76
splayed,PR1,5000000,1,15.78,5000000,780000000,294200577,76
splayed,PR1,5000000,2,16.23,5000000,780000000,294200577,76
splayed,PR2,5000000,0,4.61,1250000,195000000,294200577,76
splayed,PR2,5000000,1,4.52,1250000,195000000,294200577,76
splayed,PR2,5000000,2,4.59,1250000,195000000,294200577,76
splayed,PR3,5000000,0,9.39,2500000,390000000,294200577,76
splayed,PR3,5000000,1,8.78,2500000,390000000,294200577,76
splayed,PR3,5000000,2,8.70,2500000,390000000,294200577,76
splayed,PR4,5000000,0,0.47,1250,195000,294200577,76
splayed,PR4,5000000,1,0.47,1250,195000,294200577,76
splayed,PR4,5000000,2,0.46,1250,195000,294200577,76
splayed,PR5,5000000,0,0.46,4,0,294200577,76
splayed,PR5,5000000,1,0.46,4,0,294200577,76
splayed,PR5,5000000,2,0.46,4,0,294200577,76
duckdb,PW1,5000000,0,3954.503200016916,5000000,780000000,304746185,4
duckdb,PR1,5000000,0,57.9025000333786,5000000,780000000,304746185,4
duckdb,PR2,5000000,0,33.92549999989569,1250000,195000000,304746185,4
duckdb,PR3,5000000,0,39.858900010585785,2500000,390000000,304746185,4
duckdb,PR4,5000000,0,32.78190002311021,1250,45000,304746185,4
duckdb,PR5,5000000,0,3.983900067396462,4,0,304746185,4
polars,PW1,5000000,0,8229.97009998653,5000000,780000000,302863759,4
polars,PR1,5000000,0,38.68939995300025,5000000,780000000,302863759,4
polars,PR2,5000000,0,17.09340000525117,1250000,195000000,302863759,4
polars,PR3,5000000,0,37.494300049729645,2500000,390000000,302863759,4
polars,PR4,5000000,0,4.151499946601689,1250,45000,302863759,4
polars,PR5,5000000,0,10.35360002424568,4,0,302863759,4
splayed,PW1,10000000,0,5091.13,10000000,1560000000,590450898,76
splayed,PR1,10000000,0,31.59,10000000,1560000000,590450898,76
splayed,PR1,10000000,1,31.57,10000000,1560000000,590450898,76
splayed,PR1,10000000,2,31.86,10000000,1560000000,590450898,76
splayed,PR2,10000000,0,9.17,2500000,390000000,590450898,76
splayed,PR2,10000000,1,9.14,2500000,390000000,590450898,76
splayed,PR2,10000000,2,9.40,2500000,390000000,590450898,76
splayed,PR3,10000000,0,17.35,5000000,780000000,590450898,76
splayed,PR3,10000000,1,17.75,5000000,780000000,590450898,76
splayed,PR3,10000000,2,17.45,5000000,780000000,590450898,76
splayed,PR4,10000000,0,0.47,2500,390000,590450898,76
splayed,PR4,10000000,1,0.46,2500,390000,590450898,76
splayed,PR4,10000000,2,0.46,2500,390000,590450898,76
splayed,PR5,10000000,0,0.45,4,0,590450898,76
splayed,PR5,10000000,1,0.45,4,0,590450898,76
splayed,PR5,10000000,2,0.45,4,0,590450898,76
duckdb,PW1,10000000,0,7204.894999973476,10000000,1560000000,609532099,4
duckdb,PR1,10000000,0,78.77139991614968,10000000,1560000000,609532099,4
duckdb,PR2,10000000,0,47.29790007695556,2500000,390000000,609532099,4
duckdb,PR3,10000000,0,57.45169997680932,5000000,780000000,609532099,4
duckdb,PR4,10000000,0,24.359599919989705,2500,90000,609532099,4
duckdb,PR5,10000000,0,4.234599997289479,4,0,609532099,4
polars,PW1,10000000,0,15988.74749999959,10000000,1560000000,605553849,4
polars,PR1,10000000,0,71.71709998510778,10000000,1560000000,605553849,4
polars,PR2,10000000,0,25.983699946664274,2500000,390000000,605553849,4
polars,PR3,10000000,0,45.58399994857609,5000000,780000000,605553849,4
polars,PR4,10000000,0,5.6724000023677945,2500,90000,605553849,4
polars,PR5,10000000,0,12.853699969127774,4,0,605553849,4
splayed,PW1,20000000,0,9915.51,20000000,3120000000,1180779922,76
splayed,PR1,20000000,0,65.72,20000000,3120000000,1180779922,76
splayed,PR1,20000000,1,63.13,20000000,3120000000,1180779922,76
splayed,PR1,20000000,2,63.04,20000000,3120000000,1180779922,76
splayed,PR2,20000000,0,17.60,5000000,780000000,1180779922,76
splayed,PR2,20000000,1,17.65,5000000,780000000,1180779922,76
splayed,PR2,20000000,2,17.84,5000000,780000000,1180779922,76
splayed,PR3,20000000,0,39.86,10000000,1560000000,1180779922,76
splayed,PR3,20000000,1,34.51,10000000,1560000000,1180779922,76
splayed,PR3,20000000,2,34.67,10000000,1560000000,1180779922,76
splayed,PR4,20000000,0,0.52,5000,780000,1180779922,76
splayed,PR4,20000000,1,0.47,5000,780000,1180779922,76
splayed,PR4,20000000,2,0.47,5000,780000,1180779922,76
splayed,PR5,20000000,0,0.77,4,0,1180779922,76
splayed,PR5,20000000,1,0.77,4,0,1180779922,76
splayed,PR5,20000000,2,0.77,4,0,1180779922,76
duckdb,PW1,20000000,0,21878.7796999095,20000000,3120000000,1219604529,4
duckdb,PR1,20000000,0,144.05929995700717,20000000,3120000000,1219604529,4
duckdb,PR2,20000000,0,64.01289999485016,5000000,780000000,1219604529,4
duckdb,PR3,20000000,0,86.15009998902678,10000000,1560000000,1219604529,4
duckdb,PR4,20000000,0,26.693199994042516,5000,180000,1219604529,4
duckdb,PR5,20000000,0,5.300699966028333,4,0,1219604529,4
polars,PW1,20000000,0,35828.41219997499,20000000,3120000000,1212137146,4
polars,PR1,20000000,0,138.06720008142292,20000000,3120000000,1212137146,4
polars,PR2,20000000,0,34.38189998269081,5000000,780000000,1212137146,4
polars,PR3,20000000,0,235.62340007629246,10000000,1560000000,1212137146,4
polars,PR4,20000000,0,5.231700022704899,5000,180000,1212137146,4
polars,PR5,20000000,0,12.70930003374815,4,0,1212137146,4
